<?xml version="1.0"?>
<!DOCTYPE hibernate-mapping PUBLIC
"-//Hibernate/Hibernate Mapping DTD 3.0//EN"
  
"http://hibernate.sourceforge.net/hibernate-mapping-3.0.dtd">

<hibernate-mapping> 
    <class name="Modelos.Ciudad" table="Ciudad"> 
        <id name="idCiudad" column="idCiudad"> 
            <generator class="identity" /> 
        </id>  

        <property name="Nombre" column="Nombre" />  

        <bag name="alumnos" cascade="all" > 
            <key column="idCiudad" /> 
            <!--index column="idCiudad" /--> 
            <one-to-many class="Modelos.Alumno" /> 
        </bag>
        
    </class> 
</hibernate-mapping>